Workbook

Sheet IC Output - HUB
A2: CountryCode | B2: TeamId | C2: BUId | D2: Level | E2: Role | F2: ProductId | G2: ChannelId | H2: DataType | I2: PlanType | J2: EmployeeId | K2: WorkUnitId | L2: DataPeriod | M2: LevelOfMeasurement | N2: Sales | O2: Goals | P2: Attainment | Q2: Draw Multiplier | R2: Percent To Target | S2: Component Weight | T2: Target Pay | U2: New Hire Eligibilty | V2: Performance Eligibility | W2: IC Eligibility | X2: Pre Eligibilty Earnings | Y2: Previous Cycle Payout | Z2: Payout | AG2: Key for ZFIR
A3: GB | B3: GB_FF_AT1DM | C3: GEN MEDS | D3: Nation | E3: Sales Lead | F3: (Average Pre-Eligible Earnings of underlying team) x 1.5 | G3: Retail | H3: Dollar (£) | I3: Average of Underlying Terrs | J3: W90115334 | K3: GB_AT1DM | L3: Trimester | M3: Nation | Q3: 0.33333333 | S3: 1 | T3: 4877.57 | U3: 0 | V3: 1 | W3: 1 | X3: 929.41145 | Z3: 929.41145 | AG3: ='IC Output - HUB'!$N3&'IC Output - HUB'!$M3&'IC Output - HUB'!$I3&'IC Output - HUB'!$L3&'IC Output - HUB'!$P3 -> NationAverage of Underlying TerrsTrimester
A4: GB | B4: GB_FF_AT1DM | C4: GEN MEDS | D4: Territory | E4: Sales Rep | F4: Tzield | G4: Retail | H4: KPI | I4: MBO | J4: W50193707 | K4: GB_AT1DM_01 | L4: Trimester | M4: Territory | P4: 0 | Q4: 0.33333333 | S4: 0.4 | T4: 1951.03 | U4: 0 | V4: 1 | W4: 1 | X4: 0 | Z4: 0 | AG4: ='IC Output - HUB'!$N4&'IC Output - HUB'!$M4&'IC Output - HUB'!$I4&'IC Output - HUB'!$L4&'IC Output - HUB'!$P4 -> TerritoryMBOTrimester0
A5: GB | B5: GB_FF_AT1DM | C5: GEN MEDS | D5: Territory | E5: Sales Rep | F5: Tzield | G5: Retail | H5: KPI | I5: MBO | J5: W50193707 | K5: GB_AT1DM_01 | L5: Trimester | M5: Territory | P5: 0 | Q5: 0.33333333 | S5: 0.4 | T5: 1951.03 | U5: 0 | V5: 1 | W5: 1 | X5: 0 | Z5: 0 | AG5: ='IC Output - HUB'!$N5&'IC Output - HUB'!$M5&'IC Output - HUB'!$I5&'IC Output - HUB'!$L5&'IC Output - HUB'!$P5 -> TerritoryMBOTrimester0
A6: GB | B6: GB_FF_AT1DM | C6: GEN MEDS | D6: Territory | E6: Sales Rep | F6: Tzield | G6: Retail | H6: KPI | I6: MBO | J6: W50193707 | K6: GB_AT1DM_01 | L6: Trimester | M6: Territory | P6: 0 | Q6: 0.33333333 | S6: 0.2 | T6: 975.51 | U6: 0 | V6: 1 | W6: 1 | X6: 0 | Z6: 0 | AG6: ='IC Output - HUB'!$N6&'IC Output - HUB'!$M6&'IC Output - HUB'!$I6&'IC Output - HUB'!$L6&'IC Output - HUB'!$P6 -> TerritoryMBOTrimester0
A7: GB | B7: GB_FF_AT1DM | C7: GEN MEDS | D7: Territory | E7: Sales Rep | F7: Tzield | G7: Retail | H7: KPI | I7: MBO | J7: W00083744 | K7: GB_AT1DM_02 | L7: Trimester | M7: Territory | P7: 0 | Q7: 0.33333333 | S7: 0.4 | T7: 1951.03 | U7: 0 | V7: 1 | W7: 1 | X7: 0 | Z7: 0 | AG7: ='IC Output - HUB'!$N7&'IC Output - HUB'!$M7&'IC Output - HUB'!$I7&'IC Output - HUB'!$L7&'IC Output - HUB'!$P7 -> TerritoryMBOTrimester0
A8: GB | B8: GB_FF_AT1DM | C8: GEN MEDS | D8: Territory | E8: Sales Rep | F8: Tzield | G8: Retail | H8: KPI | I8: MBO | J8: W00083744 | K8: GB_AT1DM_02 | L8: Trimester | M8: Territory | P8: 0 | Q8: 0.33333333 | S8: 0.4 | T8: 1951.03 | U8: 0 | V8: 1 | W8: 1 | X8: 0 | Z8: 0 | AG8: ='IC Output - HUB'!$N8&'IC Output - HUB'!$M8&'IC Output - HUB'!$I8&'IC Output - HUB'!$L8&'IC Output - HUB'!$P8 -> TerritoryMBOTrimester0
A9: GB | B9: GB_FF_AT1DM | C9: GEN MEDS | D9: Territory | E9: Sales Rep | F9: Tzield | G9: Retail | H9: KPI | I9: MBO | J9: W00083744 | K9: GB_AT1DM_02 | L9: Trimester | M9: Territory | P9: 0 | Q9: 0.33333333 | S9: 0.2 | T9: 975.51 | U9: 0 | V9: 1 | W9: 1 | X9: 0 | Z9: 0 | AG9: ='IC Output - HUB'!$N9&'IC Output - HUB'!$M9&'IC Output - HUB'!$I9&'IC Output - HUB'!$L9&'IC Output - HUB'!$P9 -> TerritoryMBOTrimester0
A10: GB | B10: GB_FF_AT1DM | C10: GEN MEDS | D10: Territory | E10: Sales Rep | F10: Tzield | G10: Retail | H10: KPI | I10: MBO | J10: W50188951 | K10: GB_AT1DM_03 | L10: Trimester | M10: Territory | P10: 0 | Q10: 0.33333333 | S10: 0.4 | T10: 1951.03 | U10: 0 | V10: 1 | W10: 1 | X10: 0 | Z10: 0 | AG10: ='IC Output - HUB'!$N10&'IC Output - HUB'!$M10&'IC Output - HUB'!$I10&'IC Output - HUB'!$L10&'IC Output - HUB'!$P10 -> TerritoryMBOTrimester0
A11: GB | B11: GB_FF_AT1DM | C11: GEN MEDS | D11: Territory | E11: Sales Rep | F11: Tzield | G11: Retail | H11: KPI | I11: MBO | J11: W50188951 | K11: GB_AT1DM_03 | L11: Trimester | M11: Territory | P11: 0 | Q11: 0.33333333 | S11: 0.4 | T11: 1951.03 | U11: 0 | V11: 1 | W11: 1 | X11: 0 | Z11: 0 | AG11: ='IC Output - HUB'!$N11&'IC Output - HUB'!$M11&'IC Output - HUB'!$I11&'IC Output - HUB'!$L11&'IC Output - HUB'!$P11 -> TerritoryMBOTrimester0
A12: GB | B12: GB_FF_AT1DM | C12: GEN MEDS | D12: Territory | E12: Sales Rep | F12: Tzield | G12: Retail | H12: KPI | I12: MBO | J12: W50188951 | K12: GB_AT1DM_03 | L12: Trimester | M12: Territory | P12: 0 | Q12: 0.33333333 | S12: 0.2 | T12: 975.51 | U12: 0 | V12: 1 | W12: 1 | X12: 0 | Z12: 0 | AG12: ='IC Output - HUB'!$N12&'IC Output - HUB'!$M12&'IC Output - HUB'!$I12&'IC Output - HUB'!$L12&'IC Output - HUB'!$P12 -> TerritoryMBOTrimester0
A13: GB | B13: GB_FF_AT1DM | C13: GEN MEDS | D13: Territory | E13: Sales Rep | F13: Tzield | G13: Retail | H13: KPI | I13: MBO | J13: W50155217 | K13: GB_AT1DM_04 | L13: Trimester | M13: Territory | P13: 0 | Q13: 0.33333333 | S13: 0.4 | T13: 1951.03 | U13: 0 | V13: 1 | W13: 1 | X13: 0 | Z13: 0 | AG13: ='IC Output - HUB'!$N13&'IC Output - HUB'!$M13&'IC Output - HUB'!$I13&'IC Output - HUB'!$L13&'IC Output - HUB'!$P13 -> TerritoryMBOTrimester0
A14: GB | B14: GB_FF_AT1DM | C14: GEN MEDS | D14: Territory | E14: Sales Rep | F14: Tzield | G14: Retail | H14: KPI | I14: MBO | J14: W50155217 | K14: GB_AT1DM_04 | L14: Trimester | M14: Territory | P14: 0 | Q14: 0.33333333 | S14: 0.4 | T14: 1951.03 | U14: 0 | V14: 1 | W14: 1 | X14: 0 | Z14: 0 | AG14: ='IC Output - HUB'!$N14&'IC Output - HUB'!$M14&'IC Output - HUB'!$I14&'IC Output - HUB'!$L14&'IC Output - HUB'!$P14 -> TerritoryMBOTrimester0
A15: GB | B15: GB_FF_AT1DM | C15: GEN MEDS | D15: Territory | E15: Sales Rep | F15: Tzield | G15: Retail | H15: KPI | I15: MBO | J15: W50155217 | K15: GB_AT1DM_04 | L15: Trimester | M15: Territory | P15: 0 | Q15: 0.33333333 | S15: 0.2 | T15: 975.51 | U15: 0 | V15: 1 | W15: 1 | X15: 0 | Z15: 0 | AG15: ='IC Output - HUB'!$N15&'IC Output - HUB'!$M15&'IC Output - HUB'!$I15&'IC Output - HUB'!$L15&'IC Output - HUB'!$P15 -> TerritoryMBOTrimester0
... A18: GB | B18: GB_FF_AT1DM | C18: GEN MEDS | D18: Territory | E18: Sales Rep | F18: Tzield | G18: Retail | H18: KPI | I18: MBO | J18: W50153926 | K18: GB_AT1DM_05 | L18: Trimester | M18: Territory | P18: 0 | Q18: 0.33333333 | S18: 0.2 | T18: 975.51 | U18: 0 | V18: 1 | W18: 1 | X18: 0 | Z18: 0 | AG18: ='IC Output - HUB'!$N18&'IC Output - HUB'!$M18&'IC Output - HUB'!$I18&'IC Output - HUB'!$L18&'IC Output - HUB'!$P18 -> TerritoryMBOTrimester0
A19: GB | B19: GB_EP | C19: GEN MEDS | D19: Territory | E19: Sales Rep | F19: Toujeo | G19: Retail | H19: KPI | I19: MBO | J19: W50144502 | K19: GB_CMB2E | L19: Trimester | M19: Territory | Q19: 0.33333333 | S19: 0.2 | T19: 975.51 | U19: 0 | V19: 0 | W19: 0 | X19: 0 | Z19: 0 | AG19: ='IC Output - HUB'!$N19&'IC Output - HUB'!$M19&'IC Output - HUB'!$I19&'IC Output - HUB'!$L19&'IC Output - HUB'!$P19 -> TerritoryMBOTrimester
A20: GB | B20: GB_EP | C20: GEN MEDS | D20: Territory | E20: Sales Rep | F20: Praluent | G20: Retail | H20: Factored Units | I20: Goal Attainment | J20: W50144502 | K20: GB_CMB2E | L20: Trimester | M20: Nation | N20: 43553 | O20: 43056 | P20: 1.0115 | Q20: 0.33333333 | R20: 1.1006 | S20: 0.4 | T20: 1951.03 | U20: 0 | V20: 0 | W20: 0 | X20: 2147.3036 | Z20: 0 | AG20: ='IC Output - HUB'!$N20&'IC Output - HUB'!$M20&'IC Output - HUB'!$I20&'IC Output - HUB'!$L20&'IC Output - HUB'!$P20 -> 43553NationGoal AttainmentTrimester1.0115
A21: GB | B21: GB_EP | C21: GEN MEDS | D21: Territory | E21: Sales Rep | F21: Toujeo | G21: Retail | H21: Factored Units | I21: Goal Attainment | J21: W50144502 | K21: GB_CMB2E | L21: Trimester | M21: Nation | N21: 409698.17 | O21: 420041 | P21: 0.9754 | Q21: 0.33333333 | R21: 0.7582 | S21: 0.4 | T21: 1951.03 | U21: 0 | V21: 0 | W21: 0 | X21: 1479.2709 | Z21: 0 | AG21: ='IC Output - HUB'!$N21&'IC Output - HUB'!$M21&'IC Output - HUB'!$I21&'IC Output - HUB'!$L21&'IC Output - HUB'!$P21 -> 409698.171675NationGoal AttainmentTrimester0.9754
A22: GB | B22: GB_DEN_DES | C22: SPC | D22: Territory | E22: Sales Rep | F22: DUPIXENT | G22: Retail | H22: Units | I22: Goal Attainment | J22: W50023266 | K22: GB_DE_DEN1 | L22: Quarter | M22: Territory | N22: 3007 | O22: 3073.2331 | P22: 0.9784 | Q22: 0.25 | R22: 0.7872 | S22: 1 | T22: 3907.81 | U22: 0 | V22: 1 | W22: 1 | X22: 3076.228 | Z22: 3076.228 | AG22: ='IC Output - HUB'!$N22&'IC Output - HUB'!$M22&'IC Output - HUB'!$I22&'IC Output - HUB'!$L22&'IC Output - HUB'!$P22 -> 3007TerritoryGoal AttainmentQuarter0.9784
A23: GB | B23: GB_DEN_DES | C23: SPC | D23: Territory | E23: Sales Rep | F23: DUPIXENT | G23: Retail | H23: Units | I23: Goal Attainment | J23: W50023285 | K23: GB_DE_DEN2 | L23: Quarter | M23: Territory | N23: 3770 | O23: 3817.1602 | P23: 0.9876 | Q23: 0.25 | R23: 0.8773 | S23: 1 | T23: 3907.81 | U23: 0 | V23: 1 | W23: 1 | X23: 3428.3217 | Z23: 3428.3217 | AG23: ='IC Output - HUB'!$N23&'IC Output - HUB'!$M23&'IC Output - HUB'!$I23&'IC Output - HUB'!$L23&'IC Output - HUB'!$P23 -> 3770TerritoryGoal AttainmentQuarter0.9876
A24: GB | B24: GB_DEN_DES | C24: SPC | D24: Territory | E24: Sales Rep | F24: DUPIXENT | G24: Retail | H24: Units | I24: Goal Attainment | J24: W50023243 | K24: GB_DE_DEN3 | L24: Quarter | M24: Territory | N24: 3533 | O24: 3508.5139 | P24: 1.007 | Q24: 0.25 | R24: 1.0614 | S24: 1 | T24: 3907.81 | U24: 0 | V24: 1 | W24: 1 | X24: 4147.7495 | Z24: 4147.7495 | AG24: ='IC Output - HUB'!$N24&'IC Output - HUB'!$M24&'IC Output - HUB'!$I24&'IC Output - HUB'!$L24&'IC Output - HUB'!$P24 -> 3533TerritoryGoal AttainmentQuarter1.007
A25: GB | B25: GB_DEN_DES | C25: SPC | D25: Territory | E25: Sales Rep | F25: DUPIXENT | G25: Retail | H25: Units | I25: Goal Attainment | J25: W50145972 | K25: GB_DE_DEN4 | L25: Quarter | M25: Territory | N25: 2707 | O25: 2770.3338 | P25: 0.9771 | Q25: 0.25 | R25: 0.7746 | S25: 1 | T25: 3907.81 | U25: 0 | V25: 0 | W25: 0 | X25: 3026.9896 | Z25: 0 | AG25: ='IC Output - HUB'!$N25&'IC Output - HUB'!$M25&'IC Output - HUB'!$I25&'IC Output - HUB'!$L25&'IC Output - HUB'!$P25 -> 2707TerritoryGoal AttainmentQuarter0.9771
A26: GB | B26: GB_DEN_DES | C26: SPC | D26: Territory | E26: Sales Rep | F26: DUPIXENT | G26: Retail | H26: Units | I26: Goal Attainment | J26: W90076622 | K26: GB_DE_DEN6 | L26: Quarter | M26: Territory | N26: 1362 | O26: 1449.3211 | P26: 0.9398 | Q26: 0.25 | R26: 0.4414 | S26: 1 | T26: 3907.81 | U26: 0 | V26: 1 | W26: 1 | X26: 1724.9073 | Z26: 1724.9073 | AG26: ='IC Output - HUB'!$N26&'IC Output - HUB'!$M26&'IC Output - HUB'!$I26&'IC Output - HUB'!$L26&'IC Output - HUB'!$P26 -> 1362TerritoryGoal AttainmentQuarter0.9398
A27: GB | B27: GB_DEN_DES | C27: SPC | D27: Territory | E27: Sales Rep | F27: DUPIXENT | G27: Retail | H27: Units | I27: Goal Attainment | J27: W50023044 | K27: GB_DE_DES1 | L27: Quarter | M27: Territory | N27: 2637 | O27: 2748.4058 | P27: 0.9595 | Q27: 0.25 | R27: 0.6094 | S27: 1 | T27: 3907.81 | U27: 0 | V27: 1 | W27: 1 | X27: 2381.4194 | Z27: 2381.4194 | AG27: ='IC Output - HUB'!$N27&'IC Output - HUB'!$M27&'IC Output - HUB'!$I27&'IC Output - HUB'!$L27&'IC Output - HUB'!$P27 -> 2637TerritoryGoal AttainmentQuarter0.9595
A28: GB | B28: GB_DEN_DES | C28: SPC | D28: Territory | E28: Sales Rep | F28: DUPIXENT | G28: Retail | H28: Units | I28: Goal Attainment | J28: W50054088 | K28: GB_DE_DES2 | L28: Quarter | M28: Territory | N28: 1603 | O28: 1564.7253 | P28: 1.0245 | Q28: 0.25 | R28: 1.2121 | S28: 1 | T28: 3907.81 | U28: 0 | V28: 1 | W28: 1 | X28: 4736.6565 | Z28: 4736.6565 | AG28: ='IC Output - HUB'!$N28&'IC Output - HUB'!$M28&'IC Output - HUB'!$I28&'IC Output - HUB'!$L28&'IC Output - HUB'!$P28 -> 1603TerritoryGoal AttainmentQuarter1.0245
A29: GB | B29: GB_DEN_DES | C29: SPC | D29: Territory | E29: Sales Rep | F29: DUPIXENT | G29: Retail | H29: Units | I29: Goal Attainment | J29: W50138008 | K29: GB_DE_DES3 | L29: Quarter | M29: Territory | N29: 1683 | O29: 1664.6743 | P29: 1.011 | Q29: 0.25 | R29: 1.0962 | S29: 1 | T29: 3907.81 | U29: 0 | V29: 1 | W29: 1 | X29: 4283.7413 | Z29: 4283.7413 | AG29: ='IC Output - HUB'!$N29&'IC Output - HUB'!$M29&'IC Output - HUB'!$I29&'IC Output - HUB'!$L29&'IC Output - HUB'!$P29 -> 1683TerritoryGoal AttainmentQuarter1.011
A30: GB | B30: GB_DEN_DES | C30: SPC | D30: Territory | E30: Sales Rep | F30: DUPIXENT | G30: Retail | H30: Units | I30: Goal Attainment | J30: W90093092 | K30: GB_DE_DES4 | L30: Quarter | M30: Territory | N30: 3332 | O30: 3155.0008 | P30: 1.0561 | Q30: 0.25 | R30: 1.4693 | S30: 1 | T30: 3907.81 | U30: 0 | V30: 1 | W30: 1 | X30: 5741.7452 | Z30: 5741.7452 | AG30: ='IC Output - HUB'!$N30&'IC Output - HUB'!$M30&'IC Output - HUB'!$I30&'IC Output - HUB'!$L30&'IC Output - HUB'!$P30 -> 3332TerritoryGoal AttainmentQuarter1.0561
A31: GB | B31: GB_DEN_DES | C31: SPC | D31: Territory | E31: Sales Rep | F31: DUPIXENT | G31: Retail | H31: Units | I31: Goal Attainment | J31: W50155370 | K31: GB_DE_DES6 | L31: Quarter | M31: Territory | N31: 3356 | O31: 3331.8426 | P31: 1.0073 | Q31: 0.25 | R31: 1.064 | S31: 1 | T31: 3907.81 | U31: 0 | V31: 1 | W31: 1 | X31: 4157.9098 | Z31: 4157.9098 | AG31: ='IC Output - HUB'!$N31&'IC Output - HUB'!$M31&'IC Output - HUB'!$I31&'IC Output - HUB'!$L31&'IC Output - HUB'!$P31 -> 3356TerritoryGoal AttainmentQuarter1.0073
... A33: GB | B33: GB_DEN_DES | C33: SPC | D33: Territory | E33: Sales Rep | F33: DUPIXENT | G33: Retail | H33: Units | I33: Goal Attainment | J33: W50083205 | K33: GB_DE_DES7 | L33: Quarter | M33: Territory | N33: 1745 | O33: 1834.974 | P33: 0.951 | Q33: 0.25 | R33: 0.5343 | S33: 1 | T33: 3907.81 | U33: 0 | V33: 1 | W33: 1 | X33: 2087.9429 | Z33: 2087.9429 | AG33: ='IC Output - HUB'!$N33&'IC Output - HUB'!$M33&'IC Output - HUB'!$I33&'IC Output - HUB'!$L33&'IC Output - HUB'!$P33 -> 1745TerritoryGoal AttainmentQuarter0.951
A34: GB | B34: GB_DEN_DES | C34: SPC | D34: Region | E34: Sales Lead | F34: (Average Pre-Eligible Earnings of underlying team) x 1.5 | G34: Retail | H34: Dollar (£) | I34: Average of Underlying Terrs | J34: W90006551 | K34: GB_DE_RSM_NORTH | L34: Quarter | M34: Region | Q34: 0.25 | S34: 1 | T34: 3907.81 | U34: 0 | V34: 1 | W34: 1 | X34: 4621.2589 | Z34: 4621.2589 | AG34: ='IC Output - HUB'!$N34&'IC Output - HUB'!$M34&'IC Output - HUB'!$I34&'IC Output - HUB'!$L34&'IC Output - HUB'!$P34 -> RegionAverage of Underlying TerrsQuarter
A35: GB | B35: GB_DEN_DES | C35: SPC | D35: Region | E35: Sales Lead | F35: (Average Pre-Eligible Earnings of underlying team) x 1.5 | G35: Retail | H35: Dollar (£) | I35: Average of Underlying Terrs | J35: W50161003 | K35: GB_DE_RSM_SOUTH | L35: Quarter | M35: Region | Q35: 0.25 | S35: 1 | T35: 3907.81 | U35: 0 | V35: 1 | W35: 1 | X35: 5847.3538 | Z35: 5847.3538 | AG35: ='IC Output - HUB'!$N35&'IC Output - HUB'!$M35&'IC Output - HUB'!$I35&'IC Output - HUB'!$L35&'IC Output - HUB'!$P35 -> RegionAverage of Underlying TerrsQuarter
A36: GB | B36: GB_EP | C36: GEN MEDS | D36: Nation | E36: Sales Lead | F36: (Average Pre-Eligible Earnings of underlying team) x 1.5 | G36: Retail | H36: Pounds | I36: Average of Underlying Terrs | J36: W50140140 | K36: GB_EP_M | L36: Trimester | M36: Nation | Q36: 0.33333333 | S36: 1 | T36: 4877.57 | U36: 0 | V36: 1 | W36: 1 | X36: 5439.8618 | Z36: 5439.8618 | AG36: ='IC Output - HUB'!$N36&'IC Output - HUB'!$M36&'IC Output - HUB'!$I36&'IC Output - HUB'!$L36&'IC Output - HUB'!$P36 -> NationAverage of Underlying TerrsTrimester
A37: GB | B37: GB_EP | C37: GEN MEDS | D37: Territory | E37: Sales Rep | F37: Toujeo | G37: Retail | H37: KPI | I37: MBO | J37: W90120341 | K37: GB_EP01 | L37: Trimester | M37: Territory | P37: 0 | Q37: 0.33333333 | R37: 0 | S37: 0.2 | T37: 975.51 | U37: 0 | V37: 1 | W37: 1 | X37: 0 | Z37: 0 | AG37: ='IC Output - HUB'!$N37&'IC Output - HUB'!$M37&'IC Output - HUB'!$I37&'IC Output - HUB'!$L37&'IC Output - HUB'!$P37 -> TerritoryMBOTrimester0
A38: GB | B38: GB_EP | C38: GEN MEDS | D38: Territory | E38: Sales Rep | F38: Praluent | G38: Retail | H38: Factored Units | I38: Goal Attainment | J38: W90120341 | K38: GB_EP01 | L38: Trimester | M38: Nation | N38: 43553 | O38: 43056 | P38: 1.0115 | Q38: 0.33333333 | R38: 1.1006 | S38: 0.4 | T38: 1951.03 | U38: 0 | V38: 1 | W38: 1 | X38: 2147.3036 | Z38: 2147.3036 | AG38: ='IC Output - HUB'!$N38&'IC Output - HUB'!$M38&'IC Output - HUB'!$I38&'IC Output - HUB'!$L38&'IC Output - HUB'!$P38 -> 43553NationGoal AttainmentTrimester1.0115
A39: GB | B39: GB_EP | C39: GEN MEDS | D39: Territory | E39: Sales Rep | F39: Toujeo | G39: Retail | H39: Factored Units | I39: Goal Attainment | J39: W90120341 | K39: GB_EP01 | L39: Trimester | M39: Nation | N39: 409698.17 | O39: 420041 | P39: 0.9754 | Q39: 0.33333333 | R39: 0.7582 | S39: 0.4 | T39: 1951.03 | U39: 0 | V39: 1 | W39: 1 | X39: 1479.2709 | Z39: 1479.2709 | AG39: ='IC Output - HUB'!$N39&'IC Output - HUB'!$M39&'IC Output - HUB'!$I39&'IC Output - HUB'!$L39&'IC Output - HUB'!$P39 -> 409698.171675NationGoal AttainmentTrimester0.9754
A40: GB | B40: GB_EP | C40: GEN MEDS | D40: Territory | E40: Sales Rep | F40: Toujeo | G40: Retail | H40: KPI | I40: MBO | J40: W00080507 | K40: GB_EP02 | L40: Trimester | M40: Territory | P40: 0 | Q40: 0.33333333 | R40: 0 | S40: 0.2 | T40: 975.51 | U40: 0 | V40: 1 | W40: 1 | X40: 0 | Z40: 0 | AG40: ='IC Output - HUB'!$N40&'IC Output - HUB'!$M40&'IC Output - HUB'!$I40&'IC Output - HUB'!$L40&'IC Output - HUB'!$P40 -> TerritoryMBOTrimester0
A41: GB | B41: GB_EP | C41: GEN MEDS | D41: Territory | E41: Sales Rep | F41: Praluent | G41: Retail | H41: Factored Units | I41: Goal Attainment | J41: W00080507 | K41: GB_EP02 | L41: Trimester | M41: Nation | N41: 43553 | O41: 43056 | P41: 1.0115 | Q41: 0.33333333 | R41: 1.1006 | S41: 0.4 | T41: 1951.03 | U41: 0 | V41: 1 | W41: 1 | X41: 2147.3036 | Z41: 2147.3036 | AG41: ='IC Output - HUB'!$N41&'IC Output - HUB'!$M41&'IC Output - HUB'!$I41&'IC Output - HUB'!$L41&'IC Output - HUB'!$P41 -> 43553NationGoal AttainmentTrimester1.0115
A42: GB | B42: GB_EP | C42: GEN MEDS | D42: Territory | E42: Sales Rep | F42: Toujeo | G42: Retail | H42: Factored Units | I42: Goal Attainment | J42: W00080507 | K42: GB_EP02 | L42: Trimester | M42: Nation | N42: 409698.17 | O42: 420041 | P42: 0.9754 | Q42: 0.33333333 | R42: 0.7582 | S42: 0.4 | T42: 1951.03 | U42: 0 | V42: 1 | W42: 1 | X42: 1479.2709 | Z42: 1479.2709 | AG42: ='IC Output - HUB'!$N42&'IC Output - HUB'!$M42&'IC Output - HUB'!$I42&'IC Output - HUB'!$L42&'IC Output - HUB'!$P42 -> 409698.171675NationGoal AttainmentTrimester0.9754
A43: GB | B43: GB_EP | C43: GEN MEDS | D43: Territory | E43: Sales Rep | F43: Toujeo | G43: Retail | H43: KPI | I43: MBO | J43: W50140145 | K43: GB_EP03 | L43: Trimester | M43: Territory | P43: 0 | Q43: 0.33333333 | R43: 0 | S43: 0.2 | T43: 975.51 | U43: 0 | V43: 1 | W43: 1 | X43: 0 | Z43: 0 | AG43: ='IC Output - HUB'!$N43&'IC Output - HUB'!$M43&'IC Output - HUB'!$I43&'IC Output - HUB'!$L43&'IC Output - HUB'!$P43 -> TerritoryMBOTrimester0
A44: GB | B44: GB_EP | C44: GEN MEDS | D44: Territory | E44: Sales Rep | F44: Praluent | G44: Retail | H44: Factored Units | I44: Goal Attainment | J44: W50140145 | K44: GB_EP03 | L44: Trimester | M44: Nation | N44: 43553 | O44: 43056 | P44: 1.0115 | Q44: 0.33333333 | R44: 1.1006 | S44: 0.4 | T44: 1951.03 | U44: 0 | V44: 1 | W44: 1 | X44: 2147.3036 | Z44: 2147.3036 | AG44: ='IC Output - HUB'!$N44&'IC Output - HUB'!$M44&'IC Output - HUB'!$I44&'IC Output - HUB'!$L44&'IC Output - HUB'!$P44 -> 43553NationGoal AttainmentTrimester1.0115
A45: GB | B45: GB_EP | C45: GEN MEDS | D45: Territory | E45: Sales Rep | F45: Toujeo | G45: Retail | H45: Factored Units | I45: Goal Attainment | J45: W50140145 | K45: GB_EP03 | L45: Trimester | M45: Nation | N45: 409698.17 | O45: 420041 | P45: 0.9754 | Q45: 0.33333333 | R45: 0.7582 | S45: 0.4 | T45: 1951.03 | U45: 0 | V45: 1 | W45: 1 | X45: 1479.2709 | Z45: 1479.2709 | AG45: ='IC Output - HUB'!$N45&'IC Output - HUB'!$M45&'IC Output - HUB'!$I45&'IC Output - HUB'!$L45&'IC Output - HUB'!$P45 -> 409698.171675NationGoal AttainmentTrimester0.9754
A46: GB | B46: GB_EP | C46: GEN MEDS | D46: Territory | E46: Sales Rep | F46: Toujeo | G46: Retail | H46: KPI | I46: MBO | J46: W00089169 | K46: GB_EP04 | L46: Trimester | M46: Territory | P46: 0 | Q46: 0.33333333 | R46: 0 | S46: 0.2 | T46: 975.51 | U46: 0 | V46: 0 | W46: 0 | X46: 0 | Z46: 0 | AG46: ='IC Output - HUB'!$N46&'IC Output - HUB'!$M46&'IC Output - HUB'!$I46&'IC Output - HUB'!$L46&'IC Output - HUB'!$P46 -> TerritoryMBOTrimester0
A47: GB | B47: GB_EP | C47: GEN MEDS | D47: Territory | E47: Sales Rep | F47: Praluent | G47: Retail | H47: Factored Units | I47: Goal Attainment | J47: W00089169 | K47: GB_EP04 | L47: Trimester | M47: Nation | N47: 43553 | O47: 43056 | P47: 1.0115 | Q47: 0.33333333 | R47: 1.1006 | S47: 0.4 | T47: 1951.03 | U47: 0 | V47: 0 | W47: 0 | X47: 2147.3036 | Z47: 0 | AG47: ='IC Output - HUB'!$N47&'IC Output - HUB'!$M47&'IC Output - HUB'!$I47&'IC Output - HUB'!$L47&'IC Output - HUB'!$P47 -> 43553NationGoal AttainmentTrimester1.0115
A48: GB | B48: GB_EP | C48: GEN MEDS | D48: Territory | E48: Sales Rep | F48: Toujeo | G48: Retail | H48: Factored Units | I48: Goal Attainment | J48: W00089169 | K48: GB_EP04 | L48: Trimester | M48: Nation | N48: 409698.17 | O48: 420041 | P48: 0.9754 | Q48: 0.33333333 | R48: 0.7582 | S48: 0.4 | T48: 1951.03 | U48: 0 | V48: 0 | W48: 0 | X48: 1479.2709 | Z48: 0 | AG48: ='IC Output - HUB'!$N48&'IC Output - HUB'!$M48&'IC Output - HUB'!$I48&'IC Output - HUB'!$L48&'IC Output - HUB'!$P48 -> 409698.171675NationGoal AttainmentTrimester0.9754
A49: GB | B49: GB_EP | C49: GEN MEDS | D49: Territory | E49: Sales Rep | F49: Toujeo | G49: Retail | H49: KPI | I49: MBO | J49: W00089130 | K49: GB_EP05 | L49: Trimester | M49: Territory | P49: 0 | Q49: 0.33333333 | R49: 0 | S49: 0.2 | T49: 975.51 | U49: 0 | V49: 1 | W49: 1 | X49: 0 | Z49: 0 | AG49: ='IC Output - HUB'!$N49&'IC Output - HUB'!$M49&'IC Output - HUB'!$I49&'IC Output - HUB'!$L49&'IC Output - HUB'!$P49 -> TerritoryMBOTrimester0
A50: GB | B50: GB_EP | C50: GEN MEDS | D50: Territory | E50: Sales Rep | F50: Praluent | G50: Retail | H50: Factored Units | I50: Goal Attainment | J50: W00089130 | K50: GB_EP05 | L50: Trimester | M50: Nation | N50: 43553 | O50: 43056 | P50: 1.0115 | Q50: 0.33333333 | R50: 1.1006 | S50: 0.4 | T50: 1951.03 | U50: 0 | V50: 1 | W50: 1 | X50: 2147.3036 | Z50: 2147.3036 | AG50: ='IC Output - HUB'!$N50&'IC Output - HUB'!$M50&'IC Output - HUB'!$I50&'IC Output - HUB'!$L50&'IC Output - HUB'!$P50 -> 43553NationGoal AttainmentTrimester1.0115
A51: GB | B51: GB_EP | C51: GEN MEDS | D51: Territory | E51: Sales Rep | F51: Toujeo | G51: Retail | H51: Factored Units | I51: Goal Attainment | J51: W00089130 | K51: GB_EP05 | L51: Trimester | M51: Nation | N51: 409698.17 | O51: 420041 | P51: 0.9754 | Q51: 0.33333333 | R51: 0.7582 | S51: 0.4 | T51: 1951.03 | U51: 0 | V51: 1 | W51: 1 | X51: 1479.2709 | Z51: 1479.2709 | AG51: ='IC Output - HUB'!$N51&'IC Output - HUB'!$M51&'IC Output - HUB'!$I51&'IC Output - HUB'!$L51&'IC Output - HUB'!$P51 -> 409698.171675NationGoal AttainmentTrimester0.9754
A52: GB | B52: GB_EP | C52: GEN MEDS | D52: Territory | E52: Sales Rep | F52: Toujeo | G52: Retail | H52: KPI | I52: MBO | J52: W00080831 | K52: GB_EP06 | L52: Trimester | M52: Territory | P52: 0 | Q52: 0.33333333 | R52: 0 | S52: 0.2 | T52: 975.51 | U52: 0 | V52: 1 | W52: 1 | X52: 0 | Z52: 0 | AG52: ='IC Output - HUB'!$N52&'IC Output - HUB'!$M52&'IC Output - HUB'!$I52&'IC Output - HUB'!$L52&'IC Output - HUB'!$P52 -> TerritoryMBOTrimester0
A53: GB | B53: GB_EP | C53: GEN MEDS | D53: Territory | E53: Sales Rep | F53: Praluent | G53: Retail | H53: Factored Units | I53: Goal Attainment | J53: W00080831 | K53: GB_EP06 | L53: Trimester | M53: Nation | N53: 43553 | O53: 43056 | P53: 1.0115 | Q53: 0.33333333 | R53: 1.1006 | S53: 0.4 | T53: 1951.03 | U53: 0 | V53: 1 | W53: 1 | X53: 2147.3036 | Z53: 2147.3036 | AG53: ='IC Output - HUB'!$N53&'IC Output - HUB'!$M53&'IC Output - HUB'!$I53&'IC Output - HUB'!$L53&'IC Output - HUB'!$P53 -> 43553NationGoal AttainmentTrimester1.0115
A54: GB | B54: GB_EP | C54: GEN MEDS | D54: Territory | E54: Sales Rep | F54: Toujeo | G54: Retail | H54: Factored Units | I54: Goal Attainment | J54: W00080831 | K54: GB_EP06 | L54: Trimester | M54: Nation | N54: 409698.17 | O54: 420041 | P54: 0.9754 | Q54: 0.33333333 | R54: 0.7582 | S54: 0.4 | T54: 1951.03 | U54: 0 | V54: 1 | W54: 1 | X54: 1479.2709 | Z54: 1479.2709 | AG54: ='IC Output - HUB'!$N54&'IC Output - HUB'!$M54&'IC Output - HUB'!$I54&'IC Output - HUB'!$L54&'IC Output - HUB'!$P54 -> 409698.171675NationGoal AttainmentTrimester0.9754
A55: GB | B55: GB_EP | C55: GEN MEDS | D55: Territory | E55: Sales Rep | F55: Toujeo | G55: Retail | H55: KPI | I55: MBO | J55: U1049077 | K55: GB_EP07 | L55: Trimester | M55: Territory | P55: 0 | Q55: 0.33333333 | R55: 0 | S55: 0.2 | T55: 975.51 | U55: 0 | V55: 1 | W55: 1 | X55: 0 | Z55: 0 | AG55: ='IC Output - HUB'!$N55&'IC Output - HUB'!$M55&'IC Output - HUB'!$I55&'IC Output - HUB'!$L55&'IC Output - HUB'!$P55 -> TerritoryMBOTrimester0
A56: GB | B56: GB_EP | C56: GEN MEDS | D56: Territory | E56: Sales Rep | F56: Praluent | G56: Retail | H56: Factored Units | I56: Goal Attainment | J56: U1049077 | K56: GB_EP07 | L56: Trimester | M56: Nation | N56: 43553 | O56: 43056 | P56: 1.0115 | Q56: 0.33333333 | R56: 1.1006 | S56: 0.4 | T56: 1951.03 | U56: 0 | V56: 1 | W56: 1 | X56: 2147.3036 | Z56: 2147.3036 | AG56: ='IC Output - HUB'!$N56&'IC Output - HUB'!$M56&'IC Output - HUB'!$I56&'IC Output - HUB'!$L56&'IC Output - HUB'!$P56 -> 43553NationGoal AttainmentTrimester1.0115
A57: GB | B57: GB_EP | C57: GEN MEDS | D57: Territory | E57: Sales Rep | F57: Toujeo | G57: Retail | H57: Factored Units | I57: Goal Attainment | J57: U1049077 | K57: GB_EP07 | L57: Trimester | M57: Nation | N57: 409698.17 | O57: 420041 | P57: 0.9754 | Q57: 0.33333333 | R57: 0.7582 | S57: 0.4 | T57: 1951.03 | U57: 0 | V57: 1 | W57: 1 | X57: 1479.2709 | Z57: 1479.2709 | AG57: ='IC Output - HUB'!$N57&'IC Output - HUB'!$M57&'IC Output - HUB'!$I57&'IC Output - HUB'!$L57&'IC Output - HUB'!$P57 -> 409698.171675NationGoal AttainmentTrimester0.9754
A58: GB | B58: GB_FF_INBOUND | C58: VACCINES | D58: Territory | E58: Sales Rep | F58: AVAXIM, AVAXIM JUNIOR, VERORAB, TYPHIM Vi, STAMARIL, REVAXIS, REPEVAX, MENQUADFI | G58: Retail | H58: Dollar (£) | I58: Goal Attainment | J58: E0549066 | K58: GB_INBOUND_01 | L58: Semester | M58: Territory | N58: 14393.85 | O58: 16666.667 | P58: 0.8636 | Q58: 1 | R58: 0.0349 | S58: 0.2 | T58: 732.53 | U58: 0 | V58: 1 | W58: 1 | X58: 25.565297 | Z58: 25.565297 | AG58: ='IC Output - HUB'!$N58&'IC Output - HUB'!$M58&'IC Output - HUB'!$I58&'IC Output - HUB'!$L58&'IC Output - HUB'!$P58 -> 14393.85TerritoryGoal AttainmentSemester0.8636 | AK58: GB_RE_COPD_04W50081007DUPIXENT Goal AttainmentNation
A59: GB | B59: GB_FF_INBOUND | C59: VACCINES | D59: Territory | E59: Sales Rep | F59: SUPEMTEK TIVr, EFLUELDA TIV-HD | G59: Retail | H59: KPI | I59: Goal Attainment | J59: E0549066 | K59: GB_INBOUND_01 | L59: Semester | M59: Territory | N59: 31 | O59: 870 | P59: 0.0356 | Q59: 1 | R59: 0 | S59: 0.8 | T59: 2930.1 | U59: 0 | V59: 1 | W59: 1 | X59: 0 | Z59: 0 | AG59: ='IC Output - HUB'!$N59&'IC Output - HUB'!$M59&'IC Output - HUB'!$I59&'IC Output - HUB'!$L59&'IC Output - HUB'!$P59 -> 31TerritoryGoal AttainmentSemester0.0356
A60: GB | B60: GB_FF_INBOUND | C60: VACCINES | D60: Territory | E60: Sales Rep | F60: AVAXIM, AVAXIM JUNIOR, VERORAB, TYPHIM Vi, STAMARIL, REVAXIS, REPEVAX, MENQUADFI | G60: Retail | H60: Dollar (£) | I60: Goal Attainment | J60: U1049229 | K60: GB_INBOUND_02 | L60: Semester | M60: Territory | N60: 5972.02 | O60: 16666.667 | P60: 0.3583 | Q60: 1 | R60: 0 | S60: 0.2 | T60: 732.53 | U60: 0 | V60: 1 | W60: 1 | X60: 0 | Z60: 0 | AG60: ='IC Output - HUB'!$N60&'IC Output - HUB'!$M60&'IC Output - HUB'!$I60&'IC Output - HUB'!$L60&'IC Output - HUB'!$P60 -> 5972.02TerritoryGoal AttainmentSemester0.3583
A61: GB | B61: GB_FF_INBOUND | C61: VACCINES | D61: Territory | E61: Sales Rep | F61: SUPEMTEK TIVr, EFLUELDA TIV-HD | G61: Retail | H61: KPI | I61: Goal Attainment | J61: U1049229 | K61: GB_INBOUND_02 | L61: Semester | M61: Territory | N61: 20 | O61: 870 | P61: 0.023 | Q61: 1 | R61: 0 | S61: 0.8 | T61: 2930.1 | U61: 0 | V61: 1 | W61: 1 | X61: 0 | Z61: 0 | AG61: ='IC Output - HUB'!$N61&'IC Output - HUB'!$M61&'IC Output - HUB'!$I61&'IC Output - HUB'!$L61&'IC Output - HUB'!$P61 -> 20TerritoryGoal AttainmentSemester0.023 | AK61: =AK58=AG60 -> FALSE
A62: GB | B62: GB_FF_INBOUND | C62: VACCINES | D62: Territory | E62: Sales Rep | F62: AVAXIM, AVAXIM JUNIOR, VERORAB, TYPHIM Vi, STAMARIL, REVAXIS, REPEVAX, MENQUADFI | G62: Retail | H62: Dollar (£) | I62: Goal Attainment | J62: U1001846 | K62: GB_INBOUND_03 | L62: Semester | M62: Territory | N62: 6815.42 | O62: 16666.667 | P62: 0.4089 | Q62: 1 | R62: 0 | S62: 0.2 | T62: 732.53 | U62: 0 | V62: 1 | W62: 1 | X62: 0 | Z62: 0 | AG62: ='IC Output - HUB'!$N62&'IC Output - HUB'!$M62&'IC Output - HUB'!$I62&'IC Output - HUB'!$L62&'IC Output - HUB'!$P62 -> 6815.42TerritoryGoal AttainmentSemester0.4089
A63: GB | B63: GB_FF_INBOUND | C63: VACCINES | D63: Territory | E63: Sales Rep | F63: SUPEMTEK TIVr, EFLUELDA TIV-HD | G63: Retail | H63: KPI | I63: Goal Attainment | J63: U1001846 | K63: GB_INBOUND_03 | L63: Semester | M63: Territory | N63: 22 | O63: 870 | P63: 0.0253 | Q63: 1 | R63: 0 | S63: 0.8 | T63: 2930.1 | U63: 0 | V63: 1 | W63: 1 | X63: 0 | Z63: 0 | AG63: ='IC Output - HUB'!$N63&'IC Output - HUB'!$M63&'IC Output - HUB'!$I63&'IC Output - HUB'!$L63&'IC Output - HUB'!$P63 -> 22TerritoryGoal AttainmentSemester0.0253
A64: GB | B64: GB_ONC | C64: SPC | D64: Nation | E64: National Sales Lead | F64: (Average Pre-Eligible Earnings of underlying team) x 1.5 | G64: Retail | H64: Dollar (£) | I64: Average of Underlying Terrs | J64: W50056863 | K64: GB_ONC_HEM | L64: Quarter | M64: Nation | Q64: 0.25 | S64: 1 | T64: 3907.81 | U64: 0 | V64: 1 | W64: 1 | X64: 9866.4387 | Z64: 9866.4387 | AG64: ='IC Output - HUB'!$N64&'IC Output - HUB'!$M64&'IC Output - HUB'!$I64&'IC Output - HUB'!$L64&'IC Output - HUB'!$P64 -> NationAverage of Underlying TerrsQuarter
A65: GB | B65: GB_ONC | C65: SPC | D65: Territory | E65: Sales Rep | F65: Sarclisa | G65: Retail | H65: Factored Units | I65: Goal Attainment | J65: W50113333 | K65: GB_ONC_HM01 | L65: Quarter | M65: Nation | N65: 24535 | O65: 22606 | P65: 1.0853 | Q65: 0.25 | R65: 1.6832 | S65: 1 | T65: 3907.81 | U65: 0 | V65: 1 | W65: 1 | X65: 6577.6258 | Z65: 6577.6258 | AG65: ='IC Output - HUB'!$N65&'IC Output - HUB'!$M65&'IC Output - HUB'!$I65&'IC Output - HUB'!$L65&'IC Output - HUB'!$P65 -> 24535NationGoal AttainmentQuarter1.0853
A66: GB | B66: GB_ONC | C66: SPC | D66: Territory | E66: Sales Rep | F66: Sarclisa | G66: Retail | H66: Factored Units | I66: Goal Attainment | J66: W90010798 | K66: GB_ONC_HM02 | L66: Quarter | M66: Nation | N66: 24535 | O66: 22606 | P66: 1.0853 | Q66: 0.25 | R66: 1.6832 | S66: 1 | T66: 3907.81 | U66: 0 | V66: 1 | W66: 1 | X66: 6577.6258 | Z66: 6577.6258 | AG66: ='IC Output - HUB'!$N66&'IC Output - HUB'!$M66&'IC Output - HUB'!$I66&'IC Output - HUB'!$L66&'IC Output - HUB'!$P66 -> 24535NationGoal AttainmentQuarter1.0853
A67: GB | B67: GB_ONC | C67: SPC | D67: Territory | E67: Sales Rep | F67: Sarclisa | G67: Retail | H67: Factored Units | I67: Goal Attainment | J67: W50138242 | K67: GB_ONC_HM03 | L67: Quarter | M67: Nation | N67: 24535 | O67: 22606 | P67: 1.0853 | Q67: 0.25 | R67: 1.6832 | S67: 1 | T67: 3907.81 | U67: 0 | V67: 1 | W67: 1 | X67: 6577.6258 | Z67: 6577.6258 | AG67: ='IC Output - HUB'!$N67&'IC Output - HUB'!$M67&'IC Output - HUB'!$I67&'IC Output - HUB'!$L67&'IC Output - HUB'!$P67 -> 24535NationGoal AttainmentQuarter1.0853
A68: GB | B68: GB_ONC | C68: SPC | D68: Territory | E68: Sales Rep | F68: Sarclisa | G68: Retail | H68: Factored Units | I68: Goal Attainment | J68: W50156181 | K68: GB_ONC_HM04 | L68: Quarter | M68: Nation | N68: 24535 | O68: 22606 | P68: 1.0853 | Q68: 0.25 | R68: 1.6832 | S68: 1 | T68: 3907.81 | U68: 0 | V68: 1 | W68: 1 | X68: 6577.6258 | Z68: 6577.6258 | AG68: ='IC Output - HUB'!$N68&'IC Output - HUB'!$M68&'IC Output - HUB'!$I68&'IC Output - HUB'!$L68&'IC Output - HUB'!$P68 -> 24535NationGoal AttainmentQuarter1.0853
A69: GB | B69: GB_ONC | C69: SPC | D69: Territory | E69: Sales Rep | F69: Sarclisa | G69: Retail | H69: Factored Units | I69: Goal Attainment | J69: W50188026 | K69: GB_ONC_HM08 | L69: Quarter | M69: Nation | N69: 24535 | O69: 22606 | P69: 1.0853 | Q69: 0.25 | R69: 1.6832 | S69: 1 | T69: 3907.81 | U69: 0 | V69: 1 | W69: 1 | X69: 6577.6258 | Z69: 6577.6258 | AG69: ='IC Output - HUB'!$N69&'IC Output - HUB'!$M69&'IC Output - HUB'!$I69&'IC Output - HUB'!$L69&'IC Output - HUB'!$P69 -> 24535NationGoal AttainmentQuarter1.0853
B70: GB_RD | E70: National Sales Lead | J70: W00094508 | K70: GB_RD_DPSM | T70: 0 | U70: 0 | V70: 1 | W70: 1 | X70: 0 | Z70: 0 | AG70: ='IC Output - HUB'!$N70&'IC Output - HUB'!$M70&'IC Output - HUB'!$I70&'IC Output - HUB'!$L70&'IC Output - HUB'!$P70
A71: GB | B71: GB_RD | C71: SPC | D71: Territory | E71: Sales Rep | F71: FABRAZYME, CERDELGA, CEREZYME & NEXVIAZYME​-Patient | G71: Retail | H71: Patient # | I71: Goal Attainment | J71: W50044583 | K71: GB_RD_FS1 | L71: Quarter | M71: Nation | N71: 9 | O71: 8 | P71: 1.125 | Q71: 0.25 | R71: 1.9307 | S71: 0.5 | T71: 1953.91 | U71: 0 | V71: 1 | W71: 1 | X71: 3772.414 | Z71: 3772.414 | AG71: ='IC Output - HUB'!$N71&'IC Output - HUB'!$M71&'IC Output - HUB'!$I71&'IC Output - HUB'!$L71&'IC Output - HUB'!$P71 -> 9NationGoal AttainmentQuarter1.125
A72: GB | B72: GB_RD | C72: SPC | D72: Territory | E72: Sales Rep | F72: FABRAZYME, CERDELGA, CEREZYME, NEXVIAZYME​, Aldurazyme, Myozyme, Xenpozyme | G72: Retail | H72: Dollar (£) | I72: Goal Attainment | J72: W50044583 | K72: GB_RD_FS1 | L72: Quarter | M72: Nation | N72: 11178777 | O72: 12050558 | P72: 0.9277 | Q72: 0.25 | R72: 0.35 | S72: 0.5 | T72: 1953.91 | U72: 0 | V72: 1 | W72: 1 | X72: 683.8685 | Z72: 683.8685 | AG72: ='IC Output - HUB'!$N72&'IC Output - HUB'!$M72&'IC Output - HUB'!$I72&'IC Output - HUB'!$L72&'IC Output - HUB'!$P72 -> 11178777NationGoal AttainmentQuarter0.9277
A73: GB | B73: GB_RD | C73: SPC | D73: Territory | E73: Sales Rep | F73: FABRAZYME, CERDELGA, CEREZYME & NEXVIAZYME​-Patient | G73: Retail | H73: Patient # | I73: Goal Attainment | J73: W00089740 | K73: GB_RD_FS2 | L73: Quarter | M73: Nation | N73: 9 | O73: 8 | P73: 1.125 | Q73: 0.25 | R73: 1.9307 | S73: 0.5 | T73: 1953.91 | U73: 0 | V73: 1 | W73: 1 | X73: 3772.414 | Z73: 3772.414 | AG73: ='IC Output - HUB'!$N73&'IC Output - HUB'!$M73&'IC Output - HUB'!$I73&'IC Output - HUB'!$L73&'IC Output - HUB'!$P73 -> 9NationGoal AttainmentQuarter1.125
A74: GB | B74: GB_RD | C74: SPC | D74: Territory | E74: Sales Rep | F74: FABRAZYME, CERDELGA, CEREZYME, NEXVIAZYME​, Aldurazyme, Myozyme, Xenpozyme | G74: Retail | H74: Dollar (£) | I74: Goal Attainment | J74: W00089740 | K74: GB_RD_FS2 | L74: Quarter | M74: Nation | N74: 11178777 | O74: 12050558 | P74: 0.9277 | Q74: 0.25 | R74: 0.35 | S74: 0.5 | T74: 1953.91 | U74: 0 | V74: 1 | W74: 1 | X74: 683.8685 | Z74: 683.8685 | AG74: ='IC Output - HUB'!$N74&'IC Output - HUB'!$M74&'IC Output - HUB'!$I74&'IC Output - HUB'!$L74&'IC Output - HUB'!$P74 -> 11178777NationGoal AttainmentQuarter0.9277
A75: GB | B75: GB_RD | C75: SPC | D75: Territory | E75: Sales Rep | F75: FABRAZYME, CERDELGA, CEREZYME & NEXVIAZYME​-Patient | G75: Retail | H75: Patient # | I75: Goal Attainment | J75: W50169074 | K75: GB_RD_FS3 | L75: Quarter | M75: Nation | N75: 9 | O75: 8 | P75: 1.125 | Q75: 0.25 | R75: 1.9307 | S75: 0.5 | T75: 1953.91 | U75: 0 | V75: 1 | W75: 1 | X75: 3772.414 | Z75: 3772.414 | AG75: ='IC Output - HUB'!$N75&'IC Output - HUB'!$M75&'IC Output - HUB'!$I75&'IC Output - HUB'!$L75&'IC Output - HUB'!$P75 -> 9NationGoal AttainmentQuarter1.125
A76: GB | B76: GB_RD | C76: SPC | D76: Territory | E76: Sales Rep | F76: FABRAZYME, CERDELGA, CEREZYME, NEXVIAZYME​, Aldurazyme, Myozyme, Xenpozyme | G76: Retail | H76: Dollar (£) | I76: Goal Attainment | J76: W50169074 | K76: GB_RD_FS3 | L76: Quarter | M76: Nation | N76: 11178777 | O76: 12050558 | P76: 0.9277 | Q76: 0.25 | R76: 0.35 | S76: 0.5 | T76: 1953.91 | U76: 0 | V76: 1 | W76: 1 | X76: 683.8685 | Z76: 683.8685 | AG76: ='IC Output - HUB'!$N76&'IC Output - HUB'!$M76&'IC Output - HUB'!$I76&'IC Output - HUB'!$L76&'IC Output - HUB'!$P76 -> 11178777NationGoal AttainmentQuarter0.9277
A77: GB | B77: GB_RD | C77: SPC | D77: Territory | E77: Sales Rep | F77: FABRAZYME, CERDELGA, CEREZYME & NEXVIAZYME​-Patient | G77: Retail | H77: Patient # | I77: Goal Attainment | J77: W50176702 | K77: GB_RD_FS4 | L77: Quarter | M77: Nation | N77: 9 | O77: 8 | P77: 1.125 | Q77: 0.25 | R77: 1.9307 | S77: 0.5 | T77: 1953.91 | U77: 0 | V77: 1 | W77: 1 | X77: 3772.414 | Z77: 3772.414 | AG77: ='IC Output - HUB'!$N77&'IC Output - HUB'!$M77&'IC Output - HUB'!$I77&'IC Output - HUB'!$L77&'IC Output - HUB'!$P77 -> 9NationGoal AttainmentQuarter1.125
A78: GB | B78: GB_RD | C78: SPC | D78: Territory | E78: Sales Rep | F78: FABRAZYME, CERDELGA, CEREZYME, NEXVIAZYME​, Aldurazyme, Myozyme, Xenpozyme | G78: Retail | H78: Dollar (£) | I78: Goal Attainment | J78: W50176702 | K78: GB_RD_FS4 | L78: Quarter | M78: Nation | N78: 11178777 | O78: 12050558 | P78: 0.9277 | Q78: 0.25 | R78: 0.35 | S78: 0.5 | T78: 1953.91 | U78: 0 | V78: 1 | W78: 1 | X78: 683.8685 | Z78: 683.8685 | AG78: ='IC Output - HUB'!$N78&'IC Output - HUB'!$M78&'IC Output - HUB'!$I78&'IC Output - HUB'!$L78&'IC Output - HUB'!$P78 -> 11178777NationGoal AttainmentQuarter0.9277
A79: GB | B79: GB_FF_COPD | C79: SPC | D79: Nation | E79: National Sales Lead | F79: (Average Pre-Eligible Earnings of underlying team) x 1.5 | G79: Retail | H79: Dollar (£) | I79: Average of Underlying Terrs | J79: W50078650 | K79: GB_RE_COPD | L79: Quarter | M79: Nation | Q79: 0.25 | S79: 1 | T79: 3907.81 | U79: 0 | V79: 1 | W79: 1 | X79: 0 | Z79: 0 | AG79: ='IC Output - HUB'!$N79&'IC Output - HUB'!$M79&'IC Output - HUB'!$I79&'IC Output - HUB'!$L79&'IC Output - HUB'!$P79 -> NationAverage of Underlying TerrsQuarter
A80: GB | B80: GB_FF_COPD | C80: SPC | D80: Territory | E80: Sales Rep | F80: DUPIXENT | G80: Retail | H80: Units | I80: Goal Attainment | J80: W50193725 | K80: GB_RE_COPD_01 | L80: Quarter | M80: Nation | N80: 2620 | O80: 5151 | P80: 0.5086 | Q80: 0.25 | R80: 0 | S80: 0.7 | T80: 2735.47 | U80: 0 | V80: 1 | W80: 1 | X80: 0 | Z80: 0 | AG80: ='IC Output - HUB'!$N80&'IC Output - HUB'!$M80&'IC Output - HUB'!$I80&'IC Output - HUB'!$L80&'IC Output - HUB'!$P80 -> 2620NationGoal AttainmentQuarter0.5086
A81: GB | B81: GB_FF_COPD | C81: SPC | D81: Territory | E81: Sales Rep | F81: DUPIXENT | G81: Retail | H81: KPI | I81: MBO | J81: W50193725 | K81: GB_RE_COPD_01 | L81: Quarter | M81: Territory | Q81: 0.25 | S81: 0.3 | T81: 1172.34 | U81: 0 | V81: 1 | W81: 1 | X81: 0 | Z81: 0 | AG81: ='IC Output - HUB'!$N81&'IC Output - HUB'!$M81&'IC Output - HUB'!$I81&'IC Output - HUB'!$L81&'IC Output - HUB'!$P81 -> TerritoryMBOQuarter
A82: GB | B82: GB_FF_COPD | C82: SPC | D82: Territory | E82: Sales Rep | F82: DUPIXENT | G82: Retail | H82: Units | I82: Goal Attainment | J82: W50195817 | K82: GB_RE_COPD_02 | L82: Quarter | M82: Nation | N82: 2620 | O82: 5151 | P82: 0.5086 | Q82: 0.25 | R82: 0 | S82: 0.7 | T82: 2735.47 | U82: 0 | V82: 1 | W82: 1 | X82: 0 | Z82: 0 | AG82: ='IC Output - HUB'!$N82&'IC Output - HUB'!$M82&'IC Output - HUB'!$I82&'IC Output - HUB'!$L82&'IC Output - HUB'!$P82 -> 2620NationGoal AttainmentQuarter0.5086
A83: GB | B83: GB_FF_COPD | C83: SPC | D83: Territory | E83: Sales Rep | F83: DUPIXENT | G83: Retail | H83: KPI | I83: MBO | J83: W50195817 | K83: GB_RE_COPD_02 | L83: Quarter | M83: Territory | Q83: 0.25 | S83: 0.3 | T83: 1172.34 | U83: 0 | V83: 1 | W83: 1 | X83: 0 | Z83: 0 | AG83: ='IC Output - HUB'!$N83&'IC Output - HUB'!$M83&'IC Output - HUB'!$I83&'IC Output - HUB'!$L83&'IC Output - HUB'!$P83 -> TerritoryMBOQuarter
A84: GB | B84: GB_FF_COPD | C84: SPC | D84: Territory | E84: Sales Rep | F84: DUPIXENT | G84: Retail | H84: Units | I84: Goal Attainment | J84: W50193729 | K84: GB_RE_COPD_03 | L84: Quarter | M84: Nation | N84: 2620 | O84: 5151 | P84: 0.5086 | Q84: 0.25 | R84: 0 | S84: 0.7 | T84: 2735.47 | U84: 0 | V84: 1 | W84: 1 | X84: 0 | Z84: 0 | AG84: ='IC Output - HUB'!$N84&'IC Output - HUB'!$M84&'IC Output - HUB'!$I84&'IC Output - HUB'!$L84&'IC Output - HUB'!$P84 -> 2620NationGoal AttainmentQuarter0.5086
A85: GB | B85: GB_FF_COPD | C85: SPC | D85: Territory | E85: Sales Rep | F85: DUPIXENT | G85: Retail | H85: KPI | I85: MBO | J85: W50193729 | K85: GB_RE_COPD_03 | L85: Quarter | M85: Territory | Q85: 0.25 | S85: 0.3 | T85: 1172.34 | U85: 0 | V85: 1 | W85: 1 | X85: 0 | Z85: 0 | AG85: ='IC Output - HUB'!$N85&'IC Output - HUB'!$M85&'IC Output - HUB'!$I85&'IC Output - HUB'!$L85&'IC Output - HUB'!$P85 -> TerritoryMBOQuarter
A86: GB | B86: GB_FF_COPD | C86: SPC | D86: Territory | E86: Sales Rep | F86: DUPIXENT | G86: Retail | H86: Units | I86: Goal Attainment | J86: W50081007 | K86: GB_RE_COPD_04 | L86: Quarter | M86: Nation | N86: 2620 | O86: 5151 | P86: 0.5086 | Q86: 0.25 | R86: 0 | S86: 0.7 | T86: 2735.47 | U86: 0 | V86: 1 | W86: 1 | X86: 0 | Z86: 0 | AG86: ='IC Output - HUB'!$N86&'IC Output - HUB'!$M86&'IC Output - HUB'!$I86&'IC Output - HUB'!$L86&'IC Output - HUB'!$P86 -> 2620NationGoal AttainmentQuarter0.5086
A87: GB | B87: GB_FF_COPD | C87: SPC | D87: Territory | E87: Sales Rep | F87: DUPIXENT | G87: Retail | H87: KPI | I87: MBO | J87: W50081007 | K87: GB_RE_COPD_04 | L87: Quarter | M87: Territory | Q87: 0.25 | S87: 0.3 | T87: 1172.34 | U87: 0 | V87: 1 | W87: 1 | X87: 0 | Z87: 0 | AG87: ='IC Output - HUB'!$N87&'IC Output - HUB'!$M87&'IC Output - HUB'!$I87&'IC Output - HUB'!$L87&'IC Output - HUB'!$P87 -> TerritoryMBOQuarter
A88: GB | B88: GB_FF_COPD | C88: SPC | D88: Territory | E88: Sales Rep | F88: DUPIXENT | G88: Retail | H88: Units | I88: Goal Attainment | J88: W50191467 | K88: GB_RE_COPD_05 | L88: Quarter | M88: Nation | N88: 2620 | O88: 5151 | P88: 0.5086 | Q88: 0.25 | R88: 0 | S88: 0.7 | T88: 2735.47 | U88: 0 | V88: 1 | W88: 1 | X88: 0 | Z88: 0 | AG88: ='IC Output - HUB'!$N88&'IC Output - HUB'!$M88&'IC Output - HUB'!$I88&'IC Output - HUB'!$L88&'IC Output - HUB'!$P88 -> 2620NationGoal AttainmentQuarter0.5086
A89: GB | B89: GB_FF_COPD | C89: SPC | D89: Territory | E89: Sales Rep | F89: DUPIXENT | G89: Retail | H89: KPI | I89: MBO | J89: W50191467 | K89: GB_RE_COPD_05 | L89: Quarter | M89: Territory | Q89: 0.25 | S89: 0.3 | T89: 1172.34 | U89: 0 | V89: 1 | W89: 1 | X89: 0 | Z89: 0 | AG89: ='IC Output - HUB'!$N89&'IC Output - HUB'!$M89&'IC Output - HUB'!$I89&'IC Output - HUB'!$L89&'IC Output - HUB'!$P89 -> TerritoryMBOQuarter
A90: GB | B90: GB_FF_COPD | C90: SPC | D90: Territory | E90: Sales Rep | F90: DUPIXENT | G90: Retail | H90: Units | I90: Goal Attainment | J90: W50191217 | K90: GB_RE_COPD_06 | L90: Quarter | M90: Nation | N90: 2620 | O90: 5151 | P90: 0.5086 | Q90: 0.25 | R90: 0 | S90: 0.7 | T90: 2735.47 | U90: 0 | V90: 1 | W90: 1 | X90: 0 | Z90: 0 | AG90: ='IC Output - HUB'!$N90&'IC Output - HUB'!$M90&'IC Output - HUB'!$I90&'IC Output - HUB'!$L90&'IC Output - HUB'!$P90 -> 2620NationGoal AttainmentQuarter0.5086
A91: GB | B91: GB_FF_COPD | C91: SPC | D91: Territory | E91: Sales Rep | F91: DUPIXENT | G91: Retail | H91: KPI | I91: MBO | J91: W50191217 | K91: GB_RE_COPD_06 | L91: Quarter | M91: Territory | Q91: 0.25 | S91: 0.3 | T91: 1172.34 | U91: 0 | V91: 1 | W91: 1 | X91: 0 | Z91: 0 | AG91: ='IC Output - HUB'!$N91&'IC Output - HUB'!$M91&'IC Output - HUB'!$I91&'IC Output - HUB'!$L91&'IC Output - HUB'!$P91 -> TerritoryMBOQuarter
A92: GB | B92: GB_FF_COPD | C92: SPC | D92: Territory | E92: Sales Rep | F92: DUPIXENT | G92: Retail | H92: Units | I92: Goal Attainment | J92: W50193719 | K92: GB_RE_COPD_07 | L92: Quarter | M92: Nation | N92: 2620 | O92: 5151 | P92: 0.5086 | Q92: 0.25 | R92: 0 | S92: 0.7 | T92: 2735.47 | U92: 0 | V92: 1 | W92: 1 | X92: 0 | Z92: 0 | AG92: ='IC Output - HUB'!$N92&'IC Output - HUB'!$M92&'IC Output - HUB'!$I92&'IC Output - HUB'!$L92&'IC Output - HUB'!$P92 -> 2620NationGoal AttainmentQuarter0.5086
A93: GB | B93: GB_FF_COPD | C93: SPC | D93: Territory | E93: Sales Rep | F93: DUPIXENT | G93: Retail | H93: KPI | I93: MBO | J93: W50193719 | K93: GB_RE_COPD_07 | L93: Quarter | M93: Territory | Q93: 0.25 | S93: 0.3 | T93: 1172.34 | U93: 0 | V93: 1 | W93: 1 | X93: 0 | Z93: 0 | AG93: ='IC Output - HUB'!$N93&'IC Output - HUB'!$M93&'IC Output - HUB'!$I93&'IC Output - HUB'!$L93&'IC Output - HUB'!$P93 -> TerritoryMBOQuarter
A94: GB | B94: GB_FF_COPD | C94: SPC | D94: Territory | E94: Sales Rep | F94: DUPIXENT | G94: Retail | H94: Units | I94: Goal Attainment | J94: W50193731 | K94: GB_RE_COPD_08 | L94: Quarter | M94: Nation | N94: 2620 | O94: 5151 | P94: 0.5086 | Q94: 0.25 | R94: 0 | S94: 0.7 | T94: 2735.47 | U94: 0 | V94: 1 | W94: 1 | X94: 0 | Z94: 0 | AG94: ='IC Output - HUB'!$N94&'IC Output - HUB'!$M94&'IC Output - HUB'!$I94&'IC Output - HUB'!$L94&'IC Output - HUB'!$P94 -> 2620NationGoal AttainmentQuarter0.5086
A95: GB | B95: GB_FF_COPD | C95: SPC | D95: Territory | E95: Sales Rep | F95: DUPIXENT | G95: Retail | H95: KPI | I95: MBO | J95: W50193731 | K95: GB_RE_COPD_08 | L95: Quarter | M95: Territory | Q95: 0.25 | S95: 0.3 | T95: 1172.34 | U95: 0 | V95: 1 | W95: 1 | X95: 0 | Z95: 0 | AG95: ='IC Output - HUB'!$N95&'IC Output - HUB'!$M95&'IC Output - HUB'!$I95&'IC Output - HUB'!$L95&'IC Output - HUB'!$P95 -> TerritoryMBOQuarter
A96: GB | B96: GB_REZ | C96: GEN MEDS | D96: Nation | E96: Sales Lead | F96: (Average Pre-Eligible Earnings of underlying team) x 1.5 | G96: Retail | H96: Dollar (£) | I96: Average of Underlying Terrs | J96: W90120376 | K96: GB_REZ_M | L96: Trimester | M96: Nation | Q96: 0.33333333 | S96: 1 | T96: 4877.57 | U96: 0 | V96: 1 | W96: 1 | X96: 8544.6247 | Z96: 8544.6247 | AG96: ='IC Output - HUB'!$N96&'IC Output - HUB'!$M96&'IC Output - HUB'!$I96&'IC Output - HUB'!$L96&'IC Output - HUB'!$P96 -> NationAverage of Underlying TerrsTrimester
A97: GB | B97: GB_REZ | C97: GEN MEDS | D97: Territory | E97: Sales Rep | F97: Rezurock | G97: Retail | H97: Units | I97: Goal Attainment | J97: W90092653 | K97: GB_REZ01 | L97: Trimester | M97: Nation | N97: 1141 | O97: 1098 | P97: 1.0392 | Q97: 0.33333333 | R97: 1.1704 | S97: 0.3 | T97: 1463.27 | U97: 0 | V97: 1 | W97: 1 | X97: 1712.6112 | Z97: 1712.6112 | AG97: ='IC Output - HUB'!$N97&'IC Output - HUB'!$M97&'IC Output - HUB'!$I97&'IC Output - HUB'!$L97&'IC Output - HUB'!$P97 -> 1141NationGoal AttainmentTrimester1.0392
A98: GB | B98: GB_REZ | C98: GEN MEDS | D98: Territory | E98: Sales Rep | F98: Rezurock | G98: Retail | H98: Units | I98: Goal Attainment | J98: W90092653 | K98: GB_REZ01 | L98: Trimester | M98: Territory | N98: 389 | O98: 353 | P98: 1.102 | Q98: 0.33333333 | R98: 1.4294 | S98: 0.7 | T98: 3414.3 | U98: 0 | V98: 1 | W98: 1 | X98: 4880.4004 | Z98: 4880.4004 | AG98: ='IC Output - HUB'!$N98&'IC Output - HUB'!$M98&'IC Output - HUB'!$I98&'IC Output - HUB'!$L98&'IC Output - HUB'!$P98 -> 389TerritoryGoal AttainmentTrimester1.102
A99: GB | B99: GB_REZ | C99: GEN MEDS | D99: Territory | E99: Sales Rep | F99: Rezurock | G99: Retail | H99: Units | I99: Goal Attainment | J99: W00080665 | K99: GB_REZ02 | L99: Trimester | M99: Nation | N99: 1141 | O99: 1098 | P99: 1.0392 | Q99: 0.33333333 | R99: 1.1704 | S99: 0.3 | T99: 1463.27 | U99: 0 | V99: 1 | W99: 1 | X99: 1712.6112 | Z99: 1712.6112 | AG99: ='IC Output - HUB'!$N99&'IC Output - HUB'!$M99&'IC Output - HUB'!$I99&'IC Output - HUB'!$L99&'IC Output - HUB'!$P99 -> 1141NationGoal AttainmentTrimester1.0392
A100: GB | B100: GB_REZ | C100: GEN MEDS | D100: Territory | E100: Sales Rep | F100: Rezurock | G100: Retail | H100: Units | I100: Goal Attainment | J100: W00080665 | K100: GB_REZ02 | L100: Trimester | M100: Territory | N100: 386 | O100: 373 | P100: 1.0349 | Q100: 0.33333333 | R100: 1.1519 | S100: 0.7 | T100: 3414.3 | U100: 0 | V100: 1 | W100: 1 | X100: 3932.9322 | Z100: 3932.9322 | AG100: ='IC Output - HUB'!$N100&'IC Output - HUB'!$M100&'IC Output - HUB'!$I100&'IC Output - HUB'!$L100&'IC Output - HUB'!$P100 -> 386TerritoryGoal AttainmentTrimester1.0349
A101: GB | B101: GB_REZ | C101: GEN MEDS | D101: Territory | E101: Sales Rep | F101: Rezurock | G101: Retail | H101: Units | I101: Goal Attainment | J101: W90022898 | K101: GB_REZ03 | L101: Trimester | M101: Nation | N101: 1141 | O101: 1098 | P101: 1.0392 | Q101: 0.33333333 | R101: 1.1704 | S101: 0.3 | T101: 1463.27 | U101: 0 | V101: 1 | W101: 1 | X101: 1712.6112 | Z101: 1712.6112 | AG101: ='IC Output - HUB'!$N101&'IC Output - HUB'!$M101&'IC Output - HUB'!$I101&'IC Output - HUB'!$L101&'IC Output - HUB'!$P101 -> 1141NationGoal AttainmentTrimester1.0392
A102: GB | B102: GB_REZ | C102: GEN MEDS | D102: Territory | E102: Sales Rep | F102: Rezurock | G102: Retail | H102: Units | I102: Goal Attainment | J102: W90022898 | K102: GB_REZ03 | L102: Trimester | M102: Territory | N102: 366 | O102: 372 | P102: 0.9839 | Q102: 0.33333333 | R102: 0.9191 | S102: 0.7 | T102: 3414.3 | U102: 0 | V102: 1 | W102: 1 | X102: 3138.0831 | Z102: 3138.0831 | AG102: ='IC Output - HUB'!$N102&'IC Output - HUB'!$M102&'IC Output - HUB'!$I102&'IC Output - HUB'!$L102&'IC Output - HUB'!$P102 -> 366TerritoryGoal AttainmentTrimester0.9839
A103: GB | B103: GB_FF_VX_VAE | C103: VACCINES | D103: Territory | E103: Sales Rep | F103: EFLUELDA TIV-HD | G103: Retail | H103: Doses | I103: Goal Attainment | J103: E0533896 | K103: GB_VAE_03 | L103: Semester | M103: Territory | N103: 500 | O103: 8053.8032 | P103: 0.0621 | Q103: 1 | R103: 0 | S103: 0.15 | T103: 628.41 | U103: 0 | V103: 0 | W103: 0 | X103: 0 | Z103: 0 | AG103: ='IC Output - HUB'!$N103&'IC Output - HUB'!$M103&'IC Output - HUB'!$I103&'IC Output - HUB'!$L103&'IC Output - HUB'!$P103 -> 500TerritoryGoal AttainmentSemester0.0621
A104: GB | B104: GB_FF_VX_VAE | C104: VACCINES | D104: Territory | E104: Sales Rep | F104: SUPEMTEK TIVr | G104: Retail | H104: Doses | I104: Goal Attainment | J104: E0533896 | K104: GB_VAE_03 | L104: Semester | M104: Territory | N104: 84530 | O104: 64802.33 | P104: 1.3044 | Q104: 1 | R104: 2.0709 | S104: 0.65 | T104: 2723.1 | U104: 0 | V104: 0 | W104: 0 | X104: 5639.2678 | Z104: 0 | AG104: ='IC Output - HUB'!$N104&'IC Output - HUB'!$M104&'IC Output - HUB'!$I104&'IC Output - HUB'!$L104&'IC Output - HUB'!$P104 -> 84530TerritoryGoal AttainmentSemester1.3044
...
